episode,captured,total_reward,length
1,0,0,0
2,0,-1.836282,660
3,0,1.648706,643
4,0,-1.808679,669
5,0,1.271186,700
6,1,-2.658161,700
7,0,8.562293,522
8,0,-4.524392,594
9,1,-1.47147,700
10,0,7.570059,522
11,0,-1.054184,613
12,0,-0.996157,678
13,1,-3.28917,700
14,1,8.006019,492
15,0,10.084177,435
16,0,-3.085077,700
17,0,-2.359097,700
18,0,-0.43999,586
19,0,-3.883364,700
20,0,-3.878419,700
21,0,-1.410089,700
22,0,-1.951685,700
23,0,1.245572,631
24,0,-3.967491,700
25,0,6.662849,357
26,0,-2.194319,700
27,0,-1.146288,682
28,0,-2.837365,700
29,1,-1.734612,700
30,0,11.488722,296
31,0,-3.297065,700
32,0,2.907839,700
33,0,0.287935,684
34,0,-4.30303,689
35,1,-4.575153,700
36,0,9.378146,424
37,0,0.063153,662
38,0,-4.789253,630
39,1,7.110316,396
40,0,8.438246,518
41,0,3.818108,700
42,0,-1.109213,700
43,0,-2.816635,579
44,1,-6.780655,611
45,0,9.324517,464
46,1,3.278225,700
47,1,9.606163,508
48,1,9.100869,447
49,0,6.94085,651
50,1,2.111187,700
51,0,10.331691,240
52,1,-5.276655,700
53,1,8.010817,576
54,0,8.939351,492
55,0,-3.374913,700
56,1,-1.059572,700
57,1,9.512279,458
58,1,5.823861,621
59,1,6.125617,593
60,0,10.380073,282
61,0,-1.649117,700
62,1,5.671193,460
63,1,8.890202,472
64,0,10.533255,350
65,0,5.739875,442
66,1,-0.289358,700
67,0,8.292186,614
68,0,-0.489966,676
69,0,-5.015013,700
70,1,4.840402,576
71,0,8.340013,592
72,1,7.097206,335
73,1,9.563919,359
74,0,7.829351,529
75,1,1.731717,700
76,1,8.956686,438
77,1,10.782351,316
78,0,9.262824,510
79,1,1.129191,700
80,0,9.502999,358
81,0,-4.652333,694
82,1,-1.093135,700
83,1,9.389804,437
84,1,11.195104,306
85,0,10.243137,340
86,1,-8.420205,700
87,1,6.584109,511
88,1,10.806585,194
89,0,11.850383,152
90,1,0.390152,538
91,1,10.959831,34
92,0,10.029654,340
93,0,-1.942435,425
94,1,-0.826826,448
95,1,2.518266,499
96,1,12.795391,145
97,1,13.27895,66
98,0,12.11641,196
99,0,3.572311,298
100,1,3.899957,443
101,1,10.131666,49
102,1,6.409315,445
103,1,12.739332,98
104,0,11.714625,102
105,1,6.569698,90
106,0,6.694258,512
107,1,0.380296,613
108,1,10.86033,343
109,0,10.770314,176
110,0,-2.256447,685
111,0,-1.850471,700
112,1,-4.544695,700
113,1,7.333552,447
114,1,13.0849,119
115,0,10.974667,117
116,1,-2.474053,667
117,1,11.461868,144
118,1,10.888409,269
119,0,9.01622,454
120,0,1.520566,700
121,1,-1.099059,700
122,0,10.474414,348
123,0,6.915439,444
124,1,-5.169352,700
125,0,10.592956,371
126,1,-3.656533,664
127,0,7.620702,642
128,1,0.655592,540
129,0,9.826785,414
130,0,2.922143,700
131,0,3.122663,700
132,1,1.847569,536
133,0,10.272837,303
134,0,-5.913204,692
135,0,-0.595255,700
136,0,1.595041,542
137,0,-1.794984,700
138,1,1.176414,700
139,1,8.687887,289
140,0,9.117749,432
141,1,-2.218683,700
142,1,10.939197,304
143,0,4.936053,686
144,1,-4.605395,700
145,1,7.236997,673
146,0,10.109716,234
147,1,4.787827,562
148,1,8.181762,527
149,0,7.593568,605
150,0,6.206211,447
151,1,0.401581,581
152,0,11.540752,284
153,1,-3.613814,605
154,0,8.316743,444
155,1,4.503376,552
156,1,9.814573,309
157,1,8.505038,529
158,1,10.332388,205
159,0,7.32419,668
160,0,-2.885457,700
161,0,-0.795674,700
162,1,2.788486,700
163,1,8.143982,484
164,1,6.038729,681
165,0,7.927033,634
166,1,-0.39154,700
167,0,10.214082,386
168,0,0.442624,700
169,0,2.395111,690
170,0,-0.562411,700
171,0,3.149257,700
172,0,-2.09958,578
173,0,1.240071,700
174,1,1.615331,695
175,1,8.903302,596
176,1,10.672873,329
177,0,10.297957,293
178,0,7.890873,352
179,0,0.332502,700
180,0,1.094229,548
181,1,-3.003919,700
182,1,8.139714,629
183,1,7.710415,646
184,0,9.946882,406
185,0,1.699649,700
186,0,0.924964,700
187,1,3.611555,583
188,1,8.398281,590
189,0,8.347888,466
1,1,0,0
2,0,9.572536,319
3,0,-0.868744,700
4,0,-1.76014,700
5,1,-1.402392,700
6,1,8.216632,474
7,1,9.131818,423
8,1,9.632479,406
9,1,7.336146,620
10,0,9.02039,482
11,1,2.741912,700
12,0,10.22139,312
13,1,-0.004768,700
14,1,8.717815,442
15,0,8.504484,610
16,0,1.279109,625
17,1,4.584618,700
18,0,9.329004,475
19,1,-3.401603,657
20,1,6.546414,673
21,1,9.343392,511
22,0,8.099289,409
23,1,-1.088081,666
24,0,6.688923,595
25,0,3.624641,700
26,1,-4.550184,700
27,1,8.871306,295
28,0,10.174914,421
29,1,-0.136526,700
30,0,9.839955,377
31,0,-0.912579,603
32,1,4.760505,651
33,0,8.609494,443
34,0,-0.177512,700
35,1,-1.233128,700
36,1,10.417897,348
37,0,7.901922,591
38,0,0.692889,700
39,0,-1.255612,700
40,0,1.687496,582
41,1,0.094642,603
42,1,10.206575,385
43,0,10.780355,313
44,1,7.489119,206
45,1,8.643264,510
46,1,8.109545,450
47,0,8.540997,591
48,1,-0.278493,700
49,1,8.203015,475
50,0,9.250856,440
51,1,1.587762,700
52,0,9.90235,320
53,0,0.527093,700
54,0,4.235528,475
55,0,3.831141,612
56,0,-1.609895,625
57,1,0.611961,518
58,0,9.033979,581
59,1,1.912494,700
60,0,8.854067,462
61,0,-0.002024,656
62,1,3.599486,691
63,1,7.722541,639
64,0,7.652539,355
65,1,-1.595626,700
66,0,10.3051,316
67,1,2.562427,670
68,0,11.404706,262
69,0,-0.954255,642
70,1,3.008342,700
71,0,8.317833,474
72,1,-2.004012,679
73,0,9.84753,468
74,1,-3.520106,700
75,0,10.475927,392
76,1,-2.533,700
77,1,9.19539,511
78,1,10.207983,324
79,0,6.839917,615
80,0,-3.630685,645
81,0,-1.301415,700
82,1,-0.286643,700
83,1,8.008745,458
84,0,7.080553,584
85,0,7.203516,284
86,0,-1.889222,700
87,1,-1.466669,700
88,0,8.532874,407
89,1,3.892929,531
90,0,9.288761,498
91,0,1.580162,700
92,0,2.71949,700
93,0,2.113039,654
94,0,-1.577013,700
95,0,3.226373,700
96,1,4.544178,618
97,0,10.661844,215
98,0,-1.632827,700
99,0,-1.597155,700
100,1,-2.592608,700
101,0,8.771472,550
102,0,-0.716785,700
103,1,-2.024912,692
104,0,10.027403,422
105,0,-0.005954,612
106,1,-1.854209,700
107,1,8.555134,494
108,0,6.216953,517
109,1,8.151694,289
110,0,8.30732,541
111,0,-6.465082,700
112,1,-1.222096,700
113,1,9.295846,364
114,0,9.691969,294
115,0,0.368858,700
116,1,1.849947,700
117,0,7.955362,487
118,1,0.182662,581
119,1,9.191836,519
120,1,10.241682,347
121,0,8.05095,548
122,1,1.939482,700
123,0,9.520439,487
124,1,3.667915,653
125,0,9.207657,465
126,1,0.19613,700
127,0,11.543607,283
128,1,1.04458,700
129,0,10.36623,248
130,0,2.020302,681
131,0,4.039465,700
132,1,0.407031,671
133,0,5.988843,523
134,0,3.286968,689
135,0,-1.678423,700
136,0,-5.180469,694
137,1,1.708713,700
138,1,11.448258,145
139,0,6.421437,591
140,1,-3.673844,700
141,1,8.519273,482
142,0,9.599869,500
143,0,3.03586,700
144,0,-0.47412,616
145,0,0.715151,690
146,0,6.63528,435
147,1,0.740996,595
148,1,7.597566,622
149,1,11.096577,272
150,1,9.958342,357
151,1,8.991723,463
152,0,8.923739,423
153,1,-4.28586,676
154,0,9.82809,416
155,1,-5.148251,700
156,1,8.790219,245
157,1,11.216019,139
158,1,10.103995,300
159,0,10.16327,131
160,0,-0.306376,700
161,0,1.907457,552
162,0,3.367496,575
163,0,-1.810371,669
164,0,2.556221,700
165,0,-3.721725,700
166,0,1.427656,653
167,0,4.352925,700
168,1,4.423456,493
169,0,8.402556,546
170,1,6.651925,303
171,1,10.148805,371
172,1,11.748343,199
173,1,11.941873,235
174,0,9.273821,417
175,1,-0.039099,621
176,0,9.669035,420
177,0,5.930074,373
178,0,-3.969492,610
179,1,-1.078359,700
180,0,8.244114,549
181,1,1.752024,631
182,1,11.75932,264
183,0,11.645783,236
184,0,1.530535,686
185,1,7.255668,347
186,0,8.956027,285
187,1,0.257146,624
188,1,9.749947,180
189,1,9.137077,362
190,1,11.679486,277
191,1,10.782986,243
192,0,7.191543,367
193,0,5.245817,522
194,1,0.624569,700
195,0,10.897617,210
196,0,4.130309,490
197,1,-4.545159,700
198,1,10.830228,278
199,0,11.093183,330
200,0,-1.081356,700
201,1,0.811966,679
202,1,9.22128,450
203,1,11.509554,218
204,1,8.115286,589
205,0,11.105997,278
206,1,-1.536428,700
207,0,11.335913,212
208,0,-4.326408,700
209,1,2.634065,667
210,0,10.59902,258
211,1,-1.651951,700
212,0,7.946216,431
213,0,2.548701,428
214,0,5.615777,498
215,0,-0.547247,674
216,1,-2.945188,700
217,1,7.48143,671
218,1,8.73344,403
219,1,10.566982,174
220,1,10.174747,299
221,1,11.267428,262
222,0,9.978531,341
223,1,8.033547,524
224,1,10.377449,389
225,1,10.245864,336
226,1,10.668487,214
227,1,9.693495,393
228,0,11.098779,253
229,1,-1.086203,700
230,0,8.076594,630
231,1,2.050403,700
232,0,8.055459,231
233,1,8.825686,258
234,0,9.366146,214
235,1,2.745822,658
236,1,8.389447,450
237,1,10.388658,301
238,1,10.471153,318
239,0,11.916292,157
240,1,-1.739512,700
241,1,10.03309,281
242,1,10.155376,287
243,1,9.962489,272
244,1,7.71356,413
245,0,10.726207,406
246,1,-0.275171,700
247,1,12.151716,232
248,1,8.397228,472
249,1,10.919211,305
250,1,9.596773,385
251,1,11.178863,247
252,1,11.170812,177
253,0,11.709769,275
254,1,-1.338572,687
255,1,9.521543,323
256,1,10.51965,270
257,1,9.307822,262
258,1,10.044573,237
259,1,11.326968,311
260,1,11.71635,267
261,0,7.85703,272
262,1,3.640326,611
263,1,10.222318,263
264,1,9.540975,341
265,1,7.062858,646
266,1,10.007963,186
267,1,8.667206,476
268,0,10.994588,285
269,1,-1.727343,700
270,0,9.438655,237
271,1,5.733523,513
272,1,10.580507,384
273,1,10.113934,400
274,1,10.265666,486
275,1,11.115445,325
276,0,9.854656,317
277,0,7.106867,259
278,1,8.589594,286
279,1,9.312164,415
280,1,11.197444,268
281,1,10.765139,235
282,1,10.178322,346
283,0,10.647252,524
284,1,-3.435182,700
285,1,10.6981,238
286,1,9.341603,275
287,1,7.722988,555
288,1,9.567252,322
289,1,11.273001,307
290,0,10.329464,185
291,1,-0.951416,660
292,1,9.979427,275
293,1,8.837784,299
294,1,11.365241,217
295,1,9.535215,158
296,1,11.297859,174
297,1,11.102941,185
298,1,10.238469,263
299,1,10.637859,209
300,1,9.20264,404
301,0,10.779539,557
302,0,-0.054444,700
303,0,5.992213,470
304,1,7.847983,356
305,1,4.565765,428
306,1,9.916528,269
307,1,11.553625,181
308,0,11.70024,187
309,1,-1.679104,700
310,1,8.633738,459
311,1,9.310468,423
312,0,10.867454,278
313,1,8.026677,207
314,1,10.461252,289
315,1,10.028169,305
316,0,10.260624,299
317,1,0.253245,700
318,0,9.803875,401
319,1,-5.476602,700
320,0,9.623709,461
321,1,3.890184,700
322,1,11.234632,232
323,1,9.575018,416
324,0,9.200349,329
325,1,5.651579,491
326,1,5.980763,375
327,1,9.704824,370
328,1,10.734317,244
329,1,10.876977,215
330,1,9.890185,281
331,1,8.236344,560
332,1,11.448438,220
333,1,9.34965,246
334,1,12.201323,170
335,0,11.812937,262
336,0,6.633056,393
337,1,-3.578884,700
338,1,11.211241,328
339,1,10.921616,311
340,1,9.961244,315
341,1,10.506725,267
342,1,10.066149,217
343,1,9.415366,463
344,1,10.858143,359
345,1,9.709397,308
346,0,11.12557,322
347,1,0.553366,700
348,1,11.232394,125
349,1,11.700718,222
350,0,11.936618,619
351,0,1.841649,700
352,1,2.763114,700
353,0,12.040934,165
354,0,-1.692536,700
355,1,6.248345,578
356,1,12.032238,220
357,0,8.754908,430
358,1,-1.152381,700
359,1,12.336273,215
360,1,11.232756,186
361,0,7.09699,612
362,1,-1.531198,700
363,1,7.142391,377
364,1,11.945952,205
365,1,11.978976,297
366,0,12.043756,170
367,1,8.183991,296
368,1,10.657336,243
369,1,11.937178,209
370,0,9.271593,370
371,0,-4.50362,640
372,1,-3.940093,700
373,1,11.391794,247
374,1,8.03133,477
375,1,10.883336,241
376,0,10.361807,258
377,1,6.338311,361
378,1,11.600371,267
379,1,9.901527,448
380,1,12.329316,151
381,1,11.294263,260
382,1,12.328234,162
383,1,11.082374,266
384,1,10.002591,339
385,1,9.719752,224
386,1,9.524347,321
387,1,11.429277,205
388,1,11.529551,194
389,1,11.630375,261
390,1,11.814543,153
391,1,5.584922,691
392,1,11.071372,233
393,0,10.660657,151
394,1,-3.278167,673
395,1,10.109395,351
396,1,12.39211,165
397,0,11.31903,226
398,1,6.565011,481
399,0,11.404035,233
400,1,-4.234764,700
401,0,9.926894,264
402,1,7.17345,351
403,1,10.207424,246
404,1,9.275256,284
405,1,7.899648,462
406,1,9.96796,246
407,1,10.152208,449
408,1,10.587228,197
409,1,10.779187,283
410,1,9.249877,413
411,1,9.396799,352
412,1,9.536164,320
413,1,7.92896,342
414,1,11.115621,234
415,1,9.165541,359
416,1,7.642087,435
417,1,11.065096,145
418,1,10.100631,408
419,1,10.523837,299
420,1,10.631022,336
421,1,10.940638,213
422,1,11.836804,244
423,1,10.705623,240
424,1,11.380585,222
425,1,11.1938,237
426,1,11.223413,260
427,1,9.749444,376
428,1,11.323154,265
429,1,10.894389,261
430,1,10.439122,330
431,1,11.819475,225
432,1,10.331992,349
433,1,10.796341,298
434,1,10.599532,239
435,1,11.126657,244
436,1,9.176406,483
437,1,10.453937,224
438,1,11.282397,235
439,1,11.405682,94
440,1,11.289658,199
441,1,10.741409,251
442,1,10.746272,266
443,1,10.752542,307
444,1,10.255027,256
445,1,10.067147,307
446,1,11.335137,222
447,1,9.429021,464
448,1,7.917568,401
449,1,12.591342,354
450,1,11.275695,266
451,1,10.195941,417
452,1,10.031558,213
453,1,11.232244,333
454,1,11.807663,169
455,1,12.22296,224
456,1,9.193505,305
457,1,12.493384,180
458,0,8.766456,346
459,1,7.961984,260
460,1,10.839976,265
461,1,12.110799,175
462,0,12.504394,198
463,1,-2.206173,700
464,1,8.475308,511
465,1,11.010951,208
466,0,10.78446,351
467,1,7.564526,370
468,1,11.064427,343
469,1,10.654333,258
470,1,10.75507,296
471,1,10.46972,259
472,1,9.65631,386
473,1,12.0246,244
474,1,11.101431,304
475,0,10.032148,262
476,0,-2.683893,595
477,0,7.609094,273
478,1,1.905067,700
479,1,12.027722,202
480,1,8.487439,364
481,1,11.930532,183
482,1,11.202669,215
483,1,8.744678,455
484,1,11.46342,206
485,1,10.32775,134
486,1,11.106466,182
487,1,8.903227,347
488,1,10.119863,326
489,1,12.278457,181
490,1,10.792287,365
491,1,8.462472,314
492,1,12.50119,160
493,1,13.079893,120
494,1,9.360635,484
495,1,10.906445,171
496,1,11.170887,210
497,1,11.426415,152
498,1,8.498616,300
499,1,13.135252,65
500,1,12.886628,96
501,1,10.602652,148
502,1,11.601302,119
503,1,8.800986,516
504,0,12.258761,207
505,1,8.08615,316
1,1,0,0
2,1,11.276026,204
3,1,9.85715,378
4,1,12.384226,218
5,0,11.458222,199
6,1,1.525909,700
7,0,10.059284,239
8,0,-0.379444,643
9,1,7.080403,320
10,1,11.855803,166
11,1,11.617799,272
12,1,11.562346,240
13,0,12.539095,143
14,1,-1.082426,700
15,1,9.660866,346
16,1,11.637509,243
17,1,11.524042,169
18,0,11.031758,248
19,1,5.948993,310
20,1,11.403671,290
21,1,10.249716,278
22,1,10.508927,149
23,1,10.557674,297
24,1,10.342108,240
25,1,12.404838,137
26,1,11.979671,245
27,1,7.986674,339
28,1,11.117316,280
29,1,10.332078,309
30,0,9.985475,343
31,1,4.751518,513
32,1,10.14411,156
33,1,11.861822,166
34,1,11.153329,232
35,1,11.604666,169
36,1,10.921071,189
37,1,10.905944,146
38,1,5.988138,481
39,1,11.555868,287
40,1,11.836903,222
41,0,9.915711,446
42,0,6.188391,467
43,1,5.411659,577
44,1,10.101606,334
45,1,10.686858,192
46,1,12.269626,196
47,1,9.632318,374
48,1,10.440476,309
49,1,9.154604,548
50,1,10.830076,233
51,1,10.78161,404
52,0,11.656016,194
53,1,2.480067,700
54,1,11.381131,205
55,0,10.455648,358
56,1,3.011,660
57,0,12.022143,209
58,0,6.352255,513
59,0,1.458857,551
60,1,8.4742,248
61,1,9.208994,381
62,1,8.939303,430
1,1,0,0
2,1,11.451687,122
3,0,9.041151,427
4,1,-2.759497,700
5,1,11.180524,294
6,1,11.390601,212
7,1,8.328229,415
8,1,7.960714,570
9,1,10.895021,277
10,1,9.991577,313
11,1,7.716328,556
12,1,11.041195,199
13,0,10.243444,322
14,0,3.666389,675
15,1,1.922782,667
16,0,12.667983,183
17,1,0.049803,598
18,1,11.732969,201
19,1,8.58554,376
20,1,9.924128,408
21,0,11.473181,119
22,0,8.464676,250
23,1,-1.017103,673
24,1,11.935612,181
25,1,11.08901,321
26,1,10.376657,409
27,1,11.336331,285
28,0,11.098884,318
29,1,2.094784,576
30,1,10.461534,282
31,0,9.472327,384
32,1,-1.655189,700
33,1,9.569264,448
34,1,10.509925,168
35,1,11.076129,266
36,1,10.762526,281
37,0,10.348811,308
38,0,0.811668,700
39,1,6.236168,306
40,1,11.012401,188
41,1,10.333291,413
42,1,8.519365,433
43,0,11.163503,312
44,1,8.690146,154
45,0,9.803961,206
46,1,1.230436,608
47,0,10.300507,358
48,1,6.961402,199
49,1,11.320583,270
50,1,11.295578,210
51,1,7.81841,298
52,1,9.331153,420
53,1,10.440828,284
54,1,9.609022,395
55,1,11.532879,221
56,0,11.711029,243
1,1,0,0
2,0,11.071188,308
3,0,3.498157,700
4,0,1.654269,700
5,0,-0.535194,700
6,1,1.129095,700
7,0,8.347277,573
8,0,-1.117241,682
9,0,3.848528,700
10,0,0.430273,628
11,1,4.724765,700
12,1,9.881796,375
13,1,9.209179,555
14,1,10.660696,312
15,0,5.789691,586
16,1,3.388083,700
17,0,8.199625,452
18,1,-0.143832,700
19,1,10.156132,427
20,0,11.057341,263
21,1,-1.677935,700
22,0,11.848955,190
23,1,0.728989,700
24,1,11.208733,315
25,0,9.864081,445
26,1,-2.687732,700
27,1,8.533047,526
28,0,9.736529,286
29,1,1.158115,626
30,1,10.53015,262
31,1,10.258999,377
32,1,9.480626,320
33,1,8.448277,529
34,1,9.020737,536
35,0,12.191531,180
36,0,-3.099052,700
37,0,6.125371,683
38,1,-1.944578,700
39,1,10.022944,389
40,1,9.642573,405
41,1,5.915673,540
42,1,10.896337,258
43,1,8.051563,462
44,0,8.095872,396
45,1,-0.610612,700
46,1,10.629906,290
47,1,9.444747,366
48,1,7.798057,622
49,1,10.954905,271
50,1,10.753478,214
51,1,9.3456,312
52,1,9.099286,343
53,1,9.932329,263
54,0,10.129488,407
55,1,1.469551,700
56,1,8.786422,555
57,1,9.668445,347
58,0,10.667292,305
59,0,3.07402,673
60,1,-1.473537,691
61,1,10.751689,343
62,1,11.184588,321
63,1,8.906087,487
64,1,9.325842,304
65,1,8.514797,318
66,1,11.510212,196
67,0,11.625216,225
68,1,-1.682588,700
69,0,10.057735,196
70,0,9.354907,185
71,1,6.853959,335
72,0,10.825726,260
73,0,-1.063281,700
74,1,1.755591,700
75,1,10.327335,286
76,1,10.117503,208
77,1,10.095298,415
78,1,11.032536,387
79,1,7.469265,691
80,1,9.438627,287
81,1,11.094766,171
82,1,7.178886,593
83,1,11.082554,265
84,0,5.731866,694
85,1,-0.294258,628
86,0,12.216253,156
87,1,0.036445,700
88,0,11.80059,244
89,0,-4.669841,700
90,1,8.46268,288
91,0,12.063418,224
92,1,0.850467,700
93,1,11.743415,184
94,1,10.226294,370
95,0,9.31199,417
96,0,-0.901931,692
97,1,-0.242386,700
98,1,11.522122,238
99,0,12.25546,158
100,1,0.117414,700
101,0,8.658575,443
102,0,6.889722,408
103,0,-2.750303,700
104,1,0.817089,700
105,1,11.165716,197
106,0,10.812688,245
107,0,-3.127953,700
108,1,-0.847934,567
109,1,11.036641,403
110,1,10.841119,239
111,1,11.530342,264
112,1,11.358204,259
113,1,8.180356,533
114,1,5.52665,500
115,1,8.773004,511
116,1,9.469388,484
117,0,11.013266,297
118,1,3.143083,388
119,0,10.82968,258
120,1,-2.630255,700
121,0,10.661984,207
122,0,-0.281957,700
123,1,-0.561044,651
124,0,10.109856,286
125,0,-2.68828,700
126,1,-1.686125,670
127,0,10.624397,186
128,0,-2.511866,700
129,0,-2.4227,700
130,1,-0.624295,684
131,0,10.344295,295
132,1,6.132907,340
133,1,10.419492,284
134,1,7.990876,427
135,1,11.174796,292
136,0,11.909205,229
137,1,-1.831312,700
138,0,9.504434,171
139,1,-0.942067,700
140,0,12.039668,185
141,1,-3.465955,700
142,1,11.639915,281
143,0,9.865842,266
144,0,-0.291358,700
145,1,-3.383133,634
146,0,11.520123,146
147,1,-1.240749,700
148,1,10.303173,246
149,0,9.222185,373
150,1,6.842235,225
151,1,11.216027,234
152,0,7.779223,596
153,0,-0.261822,700
154,1,7.925496,241
155,1,10.119313,243
156,1,7.392626,508
157,0,9.076926,446
158,0,8.026478,251
159,1,-3.622537,700
160,1,10.539088,175
161,1,5.028615,502
162,1,8.994087,464
163,0,12.495885,183
164,0,-1.098496,700
165,0,5.441024,667
166,0,1.188811,700
167,0,-1.820133,700
168,0,2.27711,700
169,0,-0.272055,700
170,0,4.211988,700
171,1,-2.366002,593
172,1,9.89946,296
173,0,11.992309,105
174,0,2.922441,634
175,0,7.018666,272
176,0,0.395546,516
177,1,-0.728564,700
178,0,10.528066,205
179,0,-2.246134,700
180,0,-3.795434,652
181,1,-3.014068,700
182,1,10.935472,252
183,0,11.455575,146
184,0,0.217781,700
185,1,-3.889229,700
186,0,11.396678,305
187,1,-2.689601,700
188,0,8.761432,452
189,1,-0.209725,700
190,0,11.0237,214
191,0,1.453277,700
192,1,-1.686731,700
193,0,9.622133,405
194,0,-1.556221,700
195,1,5.734509,371
196,0,6.527343,645
197,1,-1.92891,700
198,0,9.44834,488
199,1,0.825281,662
200,0,8.790125,445
201,1,0.772528,649
202,1,8.861925,422
203,1,9.670267,323
204,0,12.576754,183
205,1,6.128183,438
206,0,9.492635,378
207,1,0.595476,700
208,0,10.337909,111
209,0,5.973574,490
210,0,-2.707568,694
211,0,4.241075,686
212,0,1.614454,611
213,0,3.631549,679
1,1,0,0
2,1,9.993091,249
3,0,10.779088,357
4,1,1.729264,700
5,1,9.31747,462
6,1,11.265972,233
7,1,10.704627,338
8,1,7.853712,674
9,1,11.163726,288
10,1,11.339581,211
11,0,11.612771,285
12,0,0.654653,700
13,1,0.847791,700
14,1,11.900757,242
15,1,12.195524,231
16,0,10.814318,334
17,1,8.620985,141
18,1,11.653304,193
19,1,11.802505,237
20,1,9.945065,362
21,1,10.925809,199
22,0,10.740407,338
23,0,3.970116,700
24,1,0.36656,675
25,1,11.732758,130
26,1,11.051829,268
27,1,12.286687,209
28,1,11.699121,229
29,1,10.87039,219
30,1,10.979297,228
31,1,10.205843,334
32,1,10.322796,410
33,1,11.164317,247
34,1,10.695717,329
35,1,10.66771,321
36,0,10.088397,300
37,1,2.238546,700
38,0,6.546477,692
39,1,8.715167,213
40,1,11.020161,332
41,1,10.898238,305
42,0,9.395329,287
43,1,8.091892,187
44,1,11.887273,231
45,1,8.949043,274
46,1,7.443601,616
47,1,10.309776,303
48,1,9.699469,398
49,1,11.2692,161
50,1,11.647758,176
51,0,11.701723,269
52,1,1.5004,601
53,1,8.545483,533
54,1,9.859216,458
55,1,11.610399,207
56,0,10.62587,213
57,0,-4.810852,700
58,1,2.40112,616
59,1,9.116909,385
60,0,11.327726,231
61,0,1.047655,700
62,0,-2.184392,700
63,1,-4.283918,700
64,1,10.956982,252
65,1,10.806404,280
66,1,10.748132,261
67,0,12.213314,179
68,1,-5.579512,675
69,0,10.367721,336
70,0,-4.074232,700
71,1,-2.422348,681
72,0,9.697237,305
73,1,1.338812,700
74,1,9.65027,445
75,1,10.394094,346
76,1,9.948917,534
77,0,10.974997,258
78,1,0.111692,700
79,1,9.920982,335
80,1,10.107237,166
81,1,8.374305,383
82,1,8.031963,556
83,0,9.86997,377
84,1,-0.035662,700
85,1,9.223975,381
86,0,7.077333,545
87,1,1.983008,700
88,1,8.968939,514
89,1,9.756607,433
90,1,10.842565,279
91,1,8.992362,283
92,1,11.303946,202
93,0,9.982185,255
94,1,-0.157443,700
95,0,9.723683,322
96,0,-3.336793,700
97,1,-0.089896,700
98,0,10.238432,236
99,1,2.250703,450
100,1,10.605711,188
101,1,10.898991,247
102,0,10.527063,201
103,0,2.83382,700
104,1,8.969684,183
105,1,7.217326,610
106,1,11.360399,309
107,1,9.309256,186
108,0,11.859988,188
109,1,0.983772,674
110,1,10.673809,310
111,1,11.103122,484
112,1,11.852835,159
113,1,8.309327,564
114,0,9.65214,294
115,1,-3.341219,700
116,1,7.938301,616
117,1,10.164253,326
118,1,6.889033,671
119,1,10.975154,188
120,1,10.645066,283
121,0,10.579311,268
122,1,2.920112,700
123,0,5.650568,691
124,1,8.59409,262
125,1,11.126972,154
126,1,11.657908,291
127,1,11.961336,167
128,1,10.931693,249
129,1,8.738084,263
130,1,11.313041,235
131,1,12.736689,173
132,1,6.963274,541
133,1,9.961347,392
134,0,9.566173,459
135,1,-6.93169,700
136,1,11.270508,301
137,1,10.771961,327
138,0,9.94383,253
139,1,1.383063,700
140,1,8.658606,422
141,0,12.034169,227
142,1,0.742164,700
143,1,11.148591,233
144,1,11.088559,306
145,1,12.096082,221
146,1,10.188389,295
147,1,10.551035,258
148,1,6.83225,346
149,0,12.052831,231
150,1,-0.362108,700
151,1,11.472916,216
152,1,12.100179,237
153,1,10.1979,335
154,1,11.179786,219
155,1,10.653754,334
156,0,6.989662,684
157,0,-3.294885,700
158,0,-0.257317,700
159,1,-0.185187,697
160,1,11.922821,241
161,1,10.885539,330
162,1,11.006488,290
163,1,9.78359,230
164,0,10.153826,365
165,0,0.5323,700
166,1,1.634284,700
167,0,9.77133,608
168,1,-0.746017,647
169,1,10.187552,333
170,1,10.020877,380
171,0,7.980215,368
172,0,-0.06899,700
173,1,0.70837,700
174,1,9.523882,485
175,0,8.67133,466
176,1,0.098847,651
177,0,7.767127,578
178,1,3.582273,691
179,0,9.413165,428
180,0,-1.905692,630
181,0,1.095082,700
182,1,-1.795596,700
183,0,9.89505,407
184,1,2.707464,700
185,1,10.880287,590
186,1,7.660757,505
187,0,11.457976,166
188,1,0.152269,700
189,0,10.052757,532
190,1,1.130275,700
191,0,11.995293,282
192,1,0.057464,616
193,0,9.084588,356
194,1,-1.100958,700
195,0,11.155291,340
196,0,-5.114213,700
197,1,0.387173,666
198,0,9.944757,265
199,1,7.008621,282
200,1,11.376453,239
201,0,9.406698,422
202,0,-2.378901,631
203,1,-5.958971,700
204,0,11.256843,268
205,0,-3.16323,700
206,1,-4.896022,700
207,1,10.299705,493
208,1,9.342068,516
209,0,9.704155,365
210,0,-1.89724,697
211,0,0.876593,700
212,0,-2.215313,697
213,0,2.411019,700
214,0,0.589576,700
215,1,0.094869,700
216,0,11.344877,287
217,1,-1.315526,700
218,1,11.777724,213
219,0,8.460603,453
220,0,8.195252,305
221,0,-3.983217,700
222,1,1.795783,686
223,0,11.529373,180
224,0,-4.807529,679
225,0,0.331268,700
226,0,-1.160525,700
227,1,-2.800324,674
228,0,9.786091,451
229,0,-0.716065,700
1,0,0,0
2,0,-1.458071,700
3,1,0.633398,700
4,1,11.752707,330
5,1,12.103326,208
6,1,9.790938,382
7,1,9.857323,435
8,0,10.79952,256
9,1,2.731773,700
10,1,10.744432,253
11,1,10.103927,361
12,1,12.031028,171
13,0,9.428433,330
14,1,0.973897,700
15,0,10.682171,301
16,1,-0.130442,668
17,1,10.718253,347
18,1,9.574871,347
19,1,10.974023,259
20,0,9.144209,205
21,1,5.283278,527
22,0,10.666173,236
23,1,7.078907,427
24,0,10.780604,271
25,1,-0.875965,700
26,1,10.889549,228
27,0,10.429542,119
28,1,7.365378,386
29,0,11.747719,229
30,0,1.274873,657
31,0,-1.077892,700
32,0,3.702784,600
33,0,-1.531326,648
34,1,1.352924,700
35,0,10.064032,256
36,0,1.605177,700
37,1,1.304588,683
38,1,10.125871,201
39,1,9.746435,372
40,1,9.25816,345
41,0,10.916845,234
42,1,7.969958,297
43,0,9.10017,473
44,1,3.309884,700
45,1,11.645664,186
46,1,9.460278,393
47,1,9.149162,519
48,1,9.931538,431
49,1,11.025135,163
50,0,10.493061,311
51,1,0.723755,700
52,0,9.442134,386
53,0,-1.240217,700
54,0,-1.000301,497
55,0,1.807315,700
56,0,3.375498,682
57,1,1.858439,700
58,1,10.930538,290
59,0,9.967856,354
60,1,-1.632241,700
61,1,11.863528,189
62,1,11.775567,145
63,1,11.015108,237
64,0,9.79999,313
65,0,0.849814,700
66,0,-0.759316,686
67,0,2.093372,700
68,1,2.180704,673
69,0,11.100494,225
70,0,0.826429,696
71,0,-0.868113,656
72,1,-5.320647,700
73,0,10.99366,267
74,1,0.011346,555
75,1,10.928873,304
76,1,11.191042,303
77,1,9.161969,487
78,0,10.479402,245
79,1,0.202434,682
80,0,12.229957,212
81,1,7.62399,380
82,1,10.590233,316
83,1,10.192446,332
84,1,11.186122,296
85,1,10.420904,277
86,0,11.476503,229
87,1,-1.271024,577
88,1,10.897374,328
89,0,11.012335,231
90,1,0.623713,700
91,1,8.422133,437
92,1,9.479518,497
93,1,9.973551,402
94,1,10.982153,319
95,0,11.40596,272
96,0,2.718349,654
97,1,-1.953799,677
98,1,11.0222,274
99,1,10.773495,322
100,0,9.985276,337
101,1,1.701733,607
102,0,10.729509,253
103,1,-0.143556,700
104,0,11.418523,186
105,0,-1.711528,700
106,1,-4.002448,700
107,1,11.121844,190
108,1,10.660386,315
109,1,11.275399,274
110,1,7.939861,652
111,1,10.379209,334
112,1,12.339477,192
113,0,10.963752,237
114,0,-1.02053,700
115,1,1.808232,641
116,1,10.052784,433
117,1,11.252924,325
118,1,7.414798,556
119,1,10.654781,252
120,1,11.34245,429
121,1,10.53479,257
122,0,10.246047,335
123,1,-0.818113,700
124,0,8.851756,339
125,1,-0.489447,700
126,1,9.304419,339
127,0,10.700795,354
128,1,2.030446,700
129,0,10.721318,289
130,1,0.419146,700
131,1,10.280149,394
132,1,7.848971,535
133,1,8.516127,349
134,1,10.450912,335
135,1,10.040544,317
136,1,9.976773,285
137,0,11.021019,255
138,1,3.46183,648
139,0,10.06407,396
140,1,-2.686971,688
141,0,6.927183,669
142,1,3.53128,678
143,1,10.530255,354
144,0,10.847924,346
145,0,1.764575,700
146,0,4.890458,510
147,1,1.959921,700
148,1,10.664562,392
149,1,11.144041,296
150,0,9.399349,318
151,1,-0.737886,650
152,1,8.759471,361
153,1,9.782376,402
154,0,10.417959,414
155,1,0.402058,474
156,1,11.368382,304
157,1,9.240351,318
158,0,10.342114,345
159,0,0.186973,700
160,0,-3.268327,700
161,1,-1.270837,700
162,0,7.893642,587
163,1,0.16434,700
164,1,8.264575,572
165,1,10.379194,246
166,1,11.240217,231
167,0,11.673315,252
168,1,7.636131,333
169,0,10.598557,248
170,1,0.398485,700
171,1,11.635335,269
172,0,9.779323,465
173,1,6.948841,320
174,0,5.608343,542
175,1,-2.003127,700
176,1,10.987167,245
177,1,11.228377,229
178,0,8.474555,562
179,1,1.091048,700
180,1,11.446494,172
181,1,11.11883,260
182,1,10.996463,229
183,1,10.252335,323
184,1,8.696621,389
185,0,9.983581,320
186,1,-0.981427,700
187,1,10.908858,287
188,1,10.823815,209
189,1,11.531683,274
190,0,8.617173,436
191,1,-1.770592,698
192,1,10.493963,250
193,1,9.631257,255
194,0,9.233334,458
195,0,2.246581,700
196,0,1.32856,700
197,1,-2.018108,648
198,1,10.82957,349
199,1,8.819557,539
200,1,10.543091,350
201,1,8.691685,505
202,0,11.446398,169
203,1,-2.565917,661
204,0,11.014181,342
205,0,-3.318985,700
206,0,-1.868867,700
207,0,6.709798,298
208,1,-1.073119,637
209,1,10.800678,272
210,0,10.283716,380
211,1,1.65041,700
212,0,11.267595,313
213,1,0.997118,617
214,1,10.094238,429
215,1,9.476358,449
216,1,9.862785,368
217,1,10.627431,285
218,1,9.907462,305
219,1,10.479084,303
220,0,8.16014,569
221,1,-0.710185,700
222,0,9.557726,435
223,0,-1.147365,700
224,1,-1.000069,694
225,1,9.540162,470
226,1,10.704357,390
227,1,10.120831,392
228,1,7.247891,590
229,0,11.501677,199
230,1,-0.252424,700
231,1,7.304933,699
232,1,10.690682,386
233,1,10.89695,313
234,1,10.185232,202
235,0,10.298692,356
236,1,-0.210646,700
237,0,10.718827,211
238,1,-1.638893,676
239,0,7.659232,609
240,1,-0.251498,650
241,1,7.168919,168
242,0,10.148083,351
243,1,1.265974,661
244,1,11.047154,300
245,1,11.116471,291
246,1,10.068969,285
247,1,7.060871,275
248,0,7.447444,640
249,0,2.439056,700
250,1,-3.044366,666
251,0,9.816166,414
252,1,1.912654,700
253,1,8.585398,396
254,1,10.910764,230
255,0,9.368876,398
256,1,-3.145177,700
257,0,9.891059,365
258,0,-0.913441,647
259,0,8.653111,132
260,1,-0.911271,533
261,1,7.556273,396
262,0,9.157711,398
263,1,-0.508709,700
264,1,10.202003,534
265,1,10.362221,356
266,1,10.351714,293
267,0,10.678186,392
268,0,5.684469,506
269,1,-4.166685,700
270,0,9.229086,521
271,0,-1.834373,699
272,1,0.369983,624
273,1,11.050195,212
274,1,8.754839,353
275,0,10.62292,428
276,1,6.380728,452
277,1,6.842666,495
278,1,10.965791,300
279,1,11.125995,332
280,1,9.269486,423
281,1,10.46948,384
282,0,9.531732,407
283,0,0.423909,700
284,1,2.557147,674
285,0,7.532885,571
286,1,3.557183,700
287,0,10.114198,318
288,1,-0.592915,678
289,0,11.556165,237
290,1,2.891142,700
291,1,10.830073,400
292,1,6.433561,656
293,0,9.178453,339
294,0,-3.184552,670
295,0,7.585063,256
296,1,-0.055488,700
297,0,7.127496,436
298,0,0.391568,700
299,0,0.926849,700
300,0,2.520104,648
301,1,-1.247619,700
302,1,10.215626,384
303,0,10.934239,349
304,0,-2.373654,676
305,0,5.878883,490
306,0,7.504007,377
307,1,2.398091,700
308,0,8.02865,420
309,0,2.029473,700
310,1,-2.004723,657
311,0,8.937283,534
312,0,2.673752,470
313,0,7.436417,329
314,0,-4.398647,700
315,0,-1.232546,700
316,0,-2.509432,656
317,0,5.532864,574
318,0,-0.370452,700
319,0,5.492027,643
320,1,2.341024,700
321,0,8.631289,267
322,0,-1.144541,642
323,1,0.349421,700
324,0,8.133701,519
325,0,1.142847,700
326,0,2.72017,573
327,1,3.33328,671
328,0,8.76911,577
329,1,-3.516604,556
330,1,8.69133,498
331,1,9.853858,333
332,1,10.91173,256
333,1,10.209375,397
334,0,10.554315,393
335,1,0.372296,700
336,1,10.523351,334
337,0,9.869022,386
338,0,6.542777,204
339,1,3.52179,682
340,1,9.70568,284
341,1,10.015361,419
342,1,8.455179,546
343,1,7.599134,432
344,1,8.413773,332
345,0,7.439335,471
346,0,3.885892,700
347,0,0.221194,562
348,0,-2.755778,680
349,0,0.102865,700
350,0,1.633556,700
351,0,1.30764,700
352,0,-0.05337,700
353,1,7.445186,226
354,0,7.312818,373
355,0,2.71956,700
356,0,2.838368,700
357,0,-5.09393,700
358,1,0.493083,656
359,1,9.967895,346
360,0,8.752477,496
361,1,-3.25077,611
362,1,8.15631,429
363,1,9.580466,465
364,0,10.994636,123
365,0,-1.324224,700
366,0,0.842601,522
367,1,-0.767963,658
368,0,6.948374,297
369,0,-0.795452,700
370,0,4.270192,483
371,0,-0.536447,635
372,0,2.741874,700
373,0,-1.3726,700
374,0,5.428974,562
375,1,0.583645,700
376,1,7.610488,405
377,0,8.953697,484
378,0,0.188869,700
379,1,1.660844,700
380,0,7.970186,455
381,0,0.085487,604
382,0,7.532294,420
383,1,0.118486,700
384,0,9.426719,506
385,1,7.148886,380
386,1,11.270313,208
387,0,8.851298,458
388,0,6.446464,329
389,1,-1.710527,700
390,1,10.25357,286
391,0,10.822754,254
392,1,2.382946,596
393,0,11.902003,230
394,1,-2.377281,600
395,0,11.937715,215
396,0,0.407014,657
397,1,0.831691,700
398,1,10.736262,364
399,0,10.674458,303
400,1,1.589774,700
401,0,8.30509,596
402,1,-3.775348,655
403,1,9.777763,467
404,1,9.646641,418
405,1,11.115355,325
406,1,11.54481,206
407,1,12.050654,226
408,0,10.593421,332
409,1,-3.410637,700
410,1,9.718253,340
411,0,11.504369,331
412,0,7.078081,360
413,1,-0.519635,700
414,0,11.792233,194
415,0,-2.97082,700
416,1,2.140094,700
417,1,10.78998,278
418,0,5.39681,576
419,0,-0.141018,564
420,0,-4.392028,609
421,0,-0.467896,700
422,0,7.642187,289
423,1,1.81665,700
424,0,11.331487,244
425,1,-0.074325,700
426,1,9.260363,440
427,0,10.041202,368
428,0,-1.691648,700
429,0,-3.476965,700
430,0,1.550078,700
431,0,-1.7423,548
432,0,-0.256863,670
433,0,-4.162142,700
434,1,1.366768,652
435,0,10.109546,365
436,1,-2.637278,700
437,1,8.745906,521
438,1,9.821551,303
439,0,10.178635,220
440,0,5.666237,584
441,1,-0.520603,700
442,0,11.531096,261
443,1,2.770644,700
444,1,9.118447,569
445,1,9.272353,414
446,0,11.21097,275
447,1,7.471018,390
448,0,7.448899,645
449,1,1.484664,668
450,0,6.848435,602
451,1,5.479842,613
452,1,6.234702,650
453,1,10.156994,383
454,0,11.262066,250
455,0,0.494252,700
456,0,1.754371,700
457,0,2.072885,700
458,0,0.922936,643
459,1,1.015502,700
460,1,11.871731,143
461,0,8.287275,493
462,0,0.755127,655
463,0,-0.5306,666
464,0,3.16572,700
465,1,0.01096,618
466,0,10.227739,476
467,1,0.098681,700
468,0,8.014656,596
469,1,0.279779,605
470,1,11.344386,264
471,1,8.553896,341
472,1,10.820094,217
473,0,12.109677,231
474,0,1.471765,685
475,0,1.352519,700
476,0,6.682591,283
477,1,-3.728109,655
478,0,9.015337,362
479,1,-0.84236,700
480,0,8.027104,609
481,0,-0.3792,700
482,0,-1.281452,675
483,0,1.338826,700
484,1,-2.146503,579
485,0,8.400415,508
486,0,0.238072,700
487,0,-1.323965,700
488,0,7.745958,312
489,1,0.233054,700
490,0,10.879668,247
491,1,-1.310913,679
492,1,10.564312,342
493,0,5.883126,634
494,0,6.528826,399
495,0,-2.775323,700
496,0,-2.910561,700
497,1,0.440323,700
498,1,9.298718,413
499,1,11.956055,492
500,0,12.337802,123
501,0,1.681748,700
502,1,-1.810927,700
503,1,10.219627,244
504,0,12.12429,144
505,0,1.38182,700
506,0,-2.46701,700
507,0,2.98997,558
508,0,-0.200687,700
509,0,1.657711,700
510,1,0.857995,700
511,0,6.968168,524
512,0,2.118924,700
513,1,-2.068643,646
514,0,10.66721,308
515,0,-0.862356,700
516,0,-0.804737,700
517,0,-1.856679,636
518,1,-6.118524,700
519,1,10.300684,240
520,1,11.186161,276
521,1,10.550031,327
522,1,6.813542,278
523,0,7.276256,524
524,0,6.156921,259
525,0,-1.513479,681
526,0,-0.854054,614
527,1,0.873692,700
528,0,11.201504,292
529,0,-2.156323,582
530,0,2.401901,700
531,0,1.488037,700
532,1,1.262611,696
533,0,8.372829,336
534,1,0.976033,668
535,0,9.667482,395
536,1,4.363143,608
537,0,11.292334,193
538,1,-2.707389,614
539,0,10.826048,298
540,1,4.959298,618
541,0,7.366956,471
542,1,-1.838783,624
543,0,11.215853,228
544,1,-0.761661,700
545,1,11.560562,167
546,0,9.540251,347
547,1,4.528002,507
548,0,11.908996,191
549,0,2.037584,700
550,1,0.3712,700
551,1,8.185707,434
552,1,12.265694,210
553,0,10.197205,174
554,1,3.899888,646
555,0,8.325903,627
556,1,4.170133,354
557,0,6.768651,578
558,0,2.96013,700
559,1,2.816134,596
560,0,8.256826,282
561,0,-1.228544,667
562,1,8.09976,243
563,0,7.529912,571
564,0,2.056648,634
565,0,1.208477,700
566,1,1.61783,624
567,0,10.825827,215
568,0,-2.555505,700
569,0,3.740113,700
570,0,0.98636,700
571,1,1.352188,586
572,0,10.310436,368
573,0,2.386965,700
574,1,1.615789,502
575,0,8.84094,417
576,0,5.515613,599
577,0,1.856984,700
578,0,0.042801,594
579,0,2.989593,463
580,0,5.811147,309
581,1,-1.107441,682
582,0,11.446379,157
583,0,0.314501,572
584,0,-3.240409,700
585,0,-1.198206,680
586,0,1.127074,700
587,1,-0.235371,614
588,0,9.555987,424
589,0,-4.231372,614
590,1,-1.089115,700
591,1,8.34727,336
592,0,8.980851,314
593,0,1.411805,665
594,0,-0.794139,700
595,0,-3.94114,700
596,1,2.63237,648
597,1,8.422769,510
598,0,9.69551,189
599,0,2.230925,700
600,0,7.257365,314
601,1,-0.586446,539
602,0,10.083867,323
603,0,-0.079817,665
604,0,1.083455,700
605,1,-1.932587,598
606,1,9.872497,248
607,1,10.615999,347
608,1,11.555383,277
609,1,8.418378,627
610,0,7.954372,598
611,0,0.509767,621
612,0,1.790908,639
613,1,1.563697,559
614,0,10.851076,278
615,0,3.697366,700
1,1,0,0
2,1,11.132767,312
3,1,11.964614,164
4,0,11.714438,197
5,1,0.915669,700
6,1,10.733897,358
7,1,9.78999,342
8,1,10.236299,388
9,0,8.891948,539
10,0,-0.355955,700
11,1,0.800026,546
12,0,9.871004,460
13,1,-0.147539,700
14,1,11.283604,309
15,0,10.147369,316
16,1,-1.853011,700
17,0,10.693136,260
18,1,-0.136289,700
19,0,10.378904,374
20,1,-1.792795,700
21,0,11.342645,191
22,1,0.084099,700
23,1,11.035959,318
24,1,10.567749,394
25,1,11.118485,239
26,1,9.399298,422
27,1,10.829919,310
28,1,11.689872,207
29,1,11.742067,232
30,1,11.813066,264
31,1,8.84512,373
32,0,10.743544,172
33,1,-0.013843,700
34,1,11.12858,264
35,1,11.66849,201
36,0,10.741757,358
37,0,5.471426,593
38,0,5.264015,540
39,0,4.479388,648
40,1,0.308521,640
41,1,11.587692,265
42,1,10.420338,313
43,0,10.011304,271
44,0,7.173972,413
45,0,4.734044,640
46,1,5.909299,312
47,1,10.869672,208
48,1,9.825337,346
49,1,10.915616,201
50,0,11.114507,284
51,1,0.588919,697
52,1,7.239623,546
53,1,8.994378,452
54,1,10.667906,367
55,1,11.662215,228
56,1,11.628345,279
57,1,10.457951,395
58,1,9.279977,473
59,0,11.760899,233
60,1,-0.395634,700
61,1,11.913719,233
62,1,12.500894,164
63,1,10.885485,227
64,1,10.135698,259
65,1,10.883133,273
66,1,10.740823,227
67,1,11.305986,261
68,1,10.816682,188
69,1,10.302186,232
70,1,8.960443,407
71,0,11.530651,171
72,1,-0.093216,700
73,1,10.255174,263
74,0,11.479707,225
75,1,1.553831,689
76,1,11.459533,258
77,1,11.26246,301
78,1,11.591182,181
79,1,10.192285,424
80,1,11.954603,246
81,0,8.250292,418
82,1,2.700833,700
83,0,11.493937,237
84,1,7.498098,329
85,1,10.33681,233
86,0,11.433518,269
87,1,5.240559,566
88,1,10.732656,239
89,1,11.107361,303
90,0,8.042747,571
91,1,-1.071357,700
92,1,10.675169,80
93,1,9.332132,501
94,0,9.322596,460
95,1,-1.145788,700
96,1,11.262526,153
97,1,11.260053,243
98,1,6.41498,427
99,1,7.387296,641
100,1,10.460527,388
101,1,11.808761,222
102,0,10.109138,313
103,1,1.481963,700
104,1,8.481141,515
105,1,10.497077,325
106,1,10.082381,270
107,1,9.183161,520
108,1,11.071667,304
109,1,10.93789,207
110,1,10.862485,338
111,1,10.023073,345
112,1,11.0471,187
113,1,11.512501,262
114,1,10.472741,342
115,0,11.314335,311
116,0,0.88662,674
117,1,3.043539,700
118,0,12.103698,391
119,1,-0.544859,700
120,1,10.99861,226
121,0,10.184498,280
122,1,-1.453853,700
123,1,9.111215,220
124,1,10.869561,173
125,1,9.490879,237
126,0,11.719361,219
127,0,3.026101,700
128,1,3.12131,663
129,0,7.383485,571
130,1,3.121586,683
131,1,11.11254,246
132,1,11.181111,219
133,1,9.374309,388
134,0,11.899523,164
135,0,-1.436201,700
136,1,8.061173,175
137,1,8.609292,544
138,1,10.845884,200
139,1,9.226655,287
140,0,10.325309,360
141,1,2.597291,690
142,1,10.485808,274
143,1,12.399551,205
144,1,11.790474,238
145,1,9.481678,265
146,0,9.470569,332
147,1,2.689711,700
148,0,11.313897,309
149,0,-1.76561,700
150,1,3.203637,700
151,0,10.215751,207
152,1,-1.600399,642
153,0,9.804906,275
154,0,-1.636198,687
155,1,-0.581214,700
156,1,10.824456,321
157,1,10.499272,524
158,1,10.763812,317
159,1,10.906143,327
160,0,11.384367,188
161,1,-0.180856,623
162,1,9.938416,334
163,0,9.157297,375
164,1,-2.26727,700
165,0,11.469799,252
166,0,-0.26143,700
167,1,6.515901,700
168,0,10.939184,192
169,0,-2.736332,700
170,0,1.702534,592
171,0,-1.416624,700
172,0,0.322624,700
173,0,1.742825,625
174,0,4.543073,545
175,0,-1.312048,670
176,1,2.607203,700
177,1,9.459251,469
178,1,10.185692,283
179,1,11.439884,273
180,0,11.901873,167
181,0,-1.28473,700
182,1,-1.62084,700
183,1,9.145495,494
184,0,11.102143,228
185,1,-0.994463,700
186,0,9.010951,523
187,0,-0.228234,700
188,1,0.909892,700
189,0,10.158805,271
190,1,-2.073317,700
191,0,11.493313,292
192,0,2.728684,700
193,1,1.244766,598
194,1,7.662916,616
195,0,8.908236,388
196,1,8.05939,277
197,0,10.162287,230
198,1,0.014904,652
199,1,10.034254,309
200,0,8.099397,606
201,0,-2.724761,700
202,1,-2.582223,670
203,1,10.45149,338
204,0,7.898971,420
205,1,-0.898495,700
206,1,10.005245,408
207,1,8.506511,430
208,1,8.709225,547
209,1,11.249995,220
210,0,7.243728,525
211,1,-3.420805,700
212,0,11.818469,300
213,0,0.43671,700
214,0,-1.819862,700
215,1,0.166354,700
216,1,8.696746,426
217,0,8.504863,568
218,0,-2.3475,700
219,0,-3.586223,700
220,0,-1.612079,675
221,0,-2.067188,599
222,1,-1.540981,700
223,0,8.121039,631
224,0,-1.333435,700
225,0,0.448442,700
226,0,-5.081793,700
227,1,-2.992873,700
228,1,11.529373,249
229,1,8.459499,403
230,0,10.310654,288
231,1,3.207583,597
232,0,9.606068,290
233,0,2.879509,700
234,1,-1.525932,572
235,1,10.753775,327
236,1,8.790364,307
237,0,10.644948,226
238,1,1.25091,700
239,1,9.903954,419
240,1,8.008128,407
241,1,9.583205,361
242,0,11.62283,267
243,1,1.215928,618
244,0,8.372163,514
245,1,0.963782,700
246,0,10.55431,375
247,1,-0.81489,685
248,0,10.700173,359
249,0,4.476597,596
250,0,-1.990232,700
251,0,-1.141632,700
252,1,3.340374,700
253,1,11.37951,206
254,0,7.549472,611
255,0,-1.143198,700
256,0,-0.473127,593
257,1,-2.756663,667
258,1,10.426962,239
259,0,11.054819,249
260,0,1.332273,604
261,0,-3.394456,700
262,0,2.215378,700
263,0,-5.012848,700
264,0,3.817386,623
265,1,-0.298973,700
266,0,11.358223,314
267,0,-1.064982,632
268,1,0.285255,700
269,1,7.529347,675
270,0,10.011535,351
271,0,-0.240311,700
272,1,3.712889,692
273,0,9.457102,426
274,1,-0.376669,649
275,1,10.552174,191
276,0,10.197218,248
277,1,-1.65355,700
278,1,8.530641,506
279,1,10.845497,238
280,1,10.364274,346
281,1,11.139705,192
282,1,10.179476,437
283,0,11.191418,221
284,1,0.67769,700
285,0,10.985939,251
286,1,-1.71794,700
287,1,8.431073,550
288,0,11.379283,249
289,1,0.920164,700
290,0,12.011545,202
291,1,1.834177,700
292,0,10.094573,354
293,0,1.585127,564
294,0,1.528329,700
295,1,-0.699799,688
296,1,8.478504,229
297,0,9.848722,454
298,0,-0.191511,700
299,0,0.345348,700
300,1,2.823739,587
301,0,8.72471,443
302,0,-0.818992,700
303,1,-1.474256,700
304,0,11.092718,333
305,0,-3.878569,700
306,1,1.568017,700
307,0,8.773504,443
308,1,-1.271625,700
309,1,11.41105,234
310,0,10.285308,255
311,0,0.961109,626
312,0,-1.315484,700
313,0,0.169228,700
314,1,0.395397,569
315,0,9.546967,465
316,0,-0.109559,700
317,0,1.939864,700
318,1,6.862443,179
319,0,8.587307,576
320,0,-1.091892,700
321,1,6.619536,347
322,1,9.149539,326
323,0,7.635479,558
324,0,-0.769216,700
325,0,1.828646,700
326,0,4.67121,628
327,0,-0.689263,700
328,1,-0.871952,700
329,1,11.798478,191
330,0,5.639231,533
331,0,-0.875562,700
332,0,2.791244,700
333,0,-0.844047,700
334,0,-1.715734,700
335,0,1.656967,631
336,0,-0.385365,700
337,0,0.111792,700
338,1,-0.172788,700
339,0,9.554234,298
340,1,2.422018,569
341,0,7.263969,564
342,1,0.141307,664
343,0,12.036576,205
344,0,-5.804573,700
345,0,-6.435485,667
346,0,1.588567,527
347,0,3.332481,700
348,1,2.168529,666
349,1,7.749377,612
350,1,9.036229,519
351,0,7.906253,427
352,0,-1.808552,700
353,1,1.446353,700
354,1,9.400013,499
355,1,11.184261,185
356,0,8.684196,528
357,1,-1.799909,700
358,0,11.185234,411
359,0,1.541843,700
360,0,0.46624,700
361,0,2.82142,700
362,1,-0.358492,700
363,1,10.42544,383
364,0,9.852159,375
365,0,1.379353,700
366,0,1.706149,700
367,0,-0.449485,683
368,1,-1.548614,700
369,0,9.911601,440
370,1,-0.778655,700
371,1,11.034191,411
372,0,8.41641,398
373,0,1.510192,700
374,0,2.036234,700
375,0,2.522426,549
376,0,0.544003,700
377,0,0.182195,700
378,0,2.903098,573
379,1,-1.355903,700
380,0,10.993437,264
381,1,-0.501098,658
382,0,10.238288,494
383,0,-2.666818,700
384,1,-2.799202,700
385,1,11.305783,428
386,0,10.195897,392
387,1,0.599547,700
388,1,9.272947,374
389,0,10.027439,307
390,0,-1.425921,700
391,1,5.899901,493
392,0,10.265607,191
393,0,0.882426,664
394,0,0.293177,700
395,1,2.718771,667
396,0,10.115362,305
397,0,2.691146,629
398,1,-0.672349,700
399,0,10.630888,192
400,0,3.769041,700
401,1,-2.083484,700
402,0,11.704016,200
403,0,-0.495365,700
404,1,-1.745727,626
405,0,8.287262,364
406,0,-0.212382,700
407,0,2.119787,700
408,1,8.62586,247
409,1,12.193033,337
410,0,10.699456,460
411,1,0.482887,700
412,0,8.987884,375
413,1,-5.94877,700
414,1,11.879644,244
415,0,10.142483,175
416,1,-0.000528,700
417,1,11.260064,142
418,1,11.019481,207
419,0,10.175445,263
420,0,1.061627,700
421,0,-0.716922,700
422,1,-1.153687,688
423,1,9.602972,452
424,1,6.486335,643
425,1,8.564504,457
426,1,11.259467,273
427,0,7.996717,388
428,1,6.405208,446
429,0,9.879869,314
430,1,1.669706,700
431,0,11.717476,277
432,0,2.4735,700
433,0,-1.358126,700
434,1,-3.761561,700
435,1,10.384706,220
436,1,11.848148,229
437,0,10.278611,368
438,0,-0.731162,700
439,1,6.275555,440
440,0,10.171037,315
441,1,7.800763,321
442,1,10.045547,323
443,1,5.891609,676
444,0,10.027628,522
445,0,-0.912588,700
446,0,-1.232783,700
447,1,-2.277372,611
448,1,8.343964,562
449,1,11.235678,311
450,1,9.34411,477
451,0,11.824001,223
452,1,8.302524,206
453,1,10.205289,413
454,1,10.403218,269
455,0,10.664338,239
456,0,3.085783,633
457,1,1.181161,691
458,1,10.060579,382
459,0,11.344494,182
460,1,-0.385263,700
461,0,8.061255,440
462,1,-3.064497,700
463,0,8.829828,554
464,1,-2.33072,700
465,1,10.89634,231
466,1,8.769286,549
467,1,10.868499,296
468,0,10.150159,250
469,1,0.337154,592
470,0,8.230654,167
471,1,-2.151244,530
472,1,7.478595,612
473,1,11.409823,253
474,1,10.883593,280
475,1,10.523201,320
476,1,10.281614,318
477,1,12.446054,285
478,0,9.000327,357
479,0,-1.29729,700
480,1,5.002645,582
481,1,9.572925,431
482,1,11.434254,347
483,0,11.942471,290
484,1,-0.903155,700
485,0,11.278098,249
486,1,6.075427,540
487,1,9.978826,378
488,1,11.574312,260
489,1,11.282168,280
490,0,10.064257,358
491,0,-0.202021,697
492,1,-1.151036,700
493,0,7.732715,533
494,1,-4.282368,700
495,1,10.023374,321
496,0,11.246282,300
497,0,-1.947711,700
498,1,-3.055166,671
499,1,10.89242,282
500,1,10.775014,191
501,1,10.970713,181
502,1,12.032461,245
503,1,9.782099,263
504,1,7.270053,591
505,0,9.167161,594
506,0,2.430198,571
507,0,-1.761027,700
508,0,3.651956,700
509,1,-1.752437,700
510,1,10.976092,212
511,0,10.026389,295
512,0,-1.353961,582
513,1,1.140201,700
514,0,9.329205,347
515,0,2.229674,700
516,0,-1.240341,585
517,1,1.930344,700
518,1,9.790158,333
519,0,11.194222,238
520,0,-2.310266,700
521,1,-4.439994,700
522,1,11.291178,273
523,0,9.936169,444
524,0,8.315034,264
525,0,8.266129,190
526,0,1.525699,700
527,1,-4.02854,662
528,1,8.755587,508
529,0,11.868581,301
530,0,0.225804,630
531,1,-2.780005,700
532,1,11.511278,275
533,1,8.008074,576
534,0,11.156488,367
535,1,-1.432567,700
536,0,11.689798,307
537,1,2.702048,585
538,1,10.854262,331
539,1,11.292783,236
540,0,9.781555,244
541,1,2.6884,624
542,0,11.725397,202
543,0,-0.324015,639
544,0,1.667972,698
545,1,-0.421455,700
546,1,11.910957,189
547,0,9.139881,207
548,0,0.076327,700
549,1,-0.238828,700
550,0,11.461513,175
551,0,1.958265,700
552,0,-0.448936,700
553,0,1.739436,656
554,0,-4.502446,700
555,1,-0.374035,700
556,1,11.9745,149
557,1,11.63754,274
558,1,10.590506,189
559,1,11.416824,298
560,1,11.162985,347
561,1,11.757581,191
562,0,11.306901,223
563,0,-0.033072,700
564,1,1.466406,611
565,0,11.73751,167
566,1,-0.956772,695
567,0,10.927689,188
568,0,1.197995,700
569,0,-0.925314,700
570,0,-0.035844,700
571,0,-0.764647,700
572,0,0.725002,678
573,1,-3.343029,700
574,0,9.006542,492
575,0,0.606697,595
576,1,0.883814,642
577,1,10.856288,284
578,1,10.430646,391
579,0,10.940215,348
580,1,5.538791,700
581,1,11.710157,279
582,1,10.984764,355
583,1,10.109204,318
584,0,11.473554,242
585,0,0.248162,555
586,0,0.094377,700
587,0,0.196403,700
588,1,-2.752251,700
589,0,11.51632,207
590,0,-1.103302,700
591,1,-0.489843,576
592,1,10.961598,319
593,1,9.171601,186
594,0,10.059357,359
595,0,-0.752305,700
596,0,-0.405784,599
597,1,-0.082802,676
598,0,12.160561,167
599,0,-0.419716,672
600,1,-0.889118,644
601,1,7.314457,437
602,0,8.843057,396
603,0,2.05775,592
604,1,0.837715,667
605,1,11.584796,224
606,1,10.439034,356
607,0,7.143294,551
608,1,0.559162,700
609,1,11.304975,296
610,0,11.089494,244
611,1,6.786079,437
612,1,11.039498,266
613,0,10.77435,304
614,1,-0.277156,700
615,1,7.614323,264
616,0,7.277714,642
617,1,-0.065326,676
618,0,8.208975,580
619,0,-0.200407,700
620,0,-0.935631,678
621,0,-2.52493,700
622,0,0.533902,700
623,0,-2.177629,700
624,0,-0.846511,618
625,0,-1.197541,700
626,1,-2.942798,698
627,0,9.19836,453
628,1,2.597233,625
629,0,8.455515,435
630,1,2.417571,700
631,1,11.909612,183
632,0,8.485935,601
633,0,-1.282758,700
634,1,1.212554,700
635,0,11.297126,304
636,1,0.963627,628
637,1,10.665192,305
638,0,11.714893,263
639,0,-0.542351,700
640,1,4.269805,197
641,0,11.372381,159
642,0,7.125048,415
643,1,-1.767439,700
644,1,11.2438,360
645,1,11.887603,292
646,0,10.72393,495
647,0,-1.128257,700
648,0,0.351445,700
649,0,4.237101,680
650,0,-5.635826,700
651,1,1.142443,700
652,0,10.469932,432
653,0,-2.756507,663
654,0,-1.504847,700
655,0,2.803678,694
656,0,-0.865701,650
657,0,-2.854284,700
658,1,1.510036,636
659,0,12.389514,164
660,0,0.579884,700
661,0,-1.217703,619
662,0,-0.358783,633
663,1,-0.397152,589
664,0,5.961793,597
665,0,-1.148593,658
666,1,1.162628,619
667,1,9.670987,402
668,0,11.420918,199
669,0,2.064143,700
670,0,8.901658,347
671,0,7.969354,336
672,0,-1.526716,590
673,1,1.289454,700
674,0,9.076531,525
675,1,-1.194069,700
676,0,8.963073,467
677,0,-2.325492,700
678,1,-1.968885,700
679,1,9.241263,434
680,0,8.346503,546
681,0,8.189572,378
682,0,-5.291064,700
683,0,9.27142,196
684,0,3.540317,580
685,0,-2.330454,700
686,1,-1.720294,646
687,0,9.502774,373
688,1,-3.018024,646
689,0,11.762249,325
690,0,0.634655,700
691,1,0.458447,700
692,1,11.713391,177
693,0,10.544975,222
694,1,2.208899,700
695,1,11.820098,169
696,1,11.22488,281
697,0,11.62652,176
698,1,1.37461,599
699,0,7.582847,450
700,1,-1.31187,584
701,1,11.694798,238
702,0,8.506395,563
703,0,-0.17006,670
704,1,1.171035,688
705,0,11.167323,248
706,0,0.60318,700
707,0,-1.700759,525
708,0,0.33497,700
709,1,2.265837,700
710,0,10.657068,362
711,0,1.055854,613
712,1,-1.049186,700
713,0,10.519891,281
714,0,3.34096,700
1,1,0,0
2,1,10.026765,408
3,1,10.767301,303
4,1,9.856873,382
5,0,10.819943,345
6,1,-3.512898,700
7,0,11.616725,281
8,0,2.08693,700
9,1,-0.66126,700
10,1,10.216852,398
11,1,10.432091,291
12,1,6.624588,633
13,1,11.169808,289
14,1,10.224294,299
15,1,7.769363,506
16,1,11.343526,240
17,1,10.376132,310
18,1,9.999646,450
19,0,10.356573,218
20,1,-3.832631,700
21,1,8.58626,514
22,1,9.206233,406
23,1,9.758845,274
24,1,10.482964,263
25,1,9.422866,454
26,1,10.844632,314
27,1,11.113311,273
28,0,9.914102,355
29,1,0.826803,647
30,1,11.200455,164
31,1,11.387986,279
32,1,11.5583,358
33,1,8.079882,404
34,1,10.622478,333
35,0,10.999271,223
36,0,-1.046099,700
37,0,1.40688,563
38,0,-1.958397,697
39,1,0.684612,690
40,1,9.632058,217
41,0,8.819063,327
42,1,-0.949046,700
43,1,10.590948,290
44,1,9.806035,198
45,1,10.900795,316
46,0,11.149053,203
47,1,-2.209895,583
48,1,8.526698,459
49,1,9.765992,186
50,1,10.746111,263
51,1,10.653111,221
52,0,6.61074,646
53,1,-0.477601,700
54,0,10.630373,103
55,1,-2.171804,700
56,1,7.798681,681
57,1,10.65468,383
58,0,10.135544,383
59,1,-0.184133,700
60,0,11.67117,244
61,1,-2.967542,695
62,1,11.38636,133
63,0,11.694587,183
64,1,-3.565931,696
65,1,10.548631,285
66,0,9.742029,277
67,1,0.795114,700
68,1,10.569666,302
69,1,10.231618,251
70,1,10.43056,269
71,1,10.048887,315
72,1,10.580474,224
73,1,11.367881,244
74,1,11.509675,249
75,1,10.434906,326
76,1,11.144071,253
77,0,10.307287,303
78,0,-0.591111,700
79,1,0.691484,700
80,1,10.803283,274
81,0,10.962277,301
82,1,3.624623,689
83,1,11.022559,234
84,1,10.507344,331
85,1,10.866428,298
86,1,10.830672,259
87,1,11.728477,186
88,1,10.061699,436
89,1,8.377143,422
90,1,10.420577,214
91,0,7.92938,359
92,0,0.422434,700
93,0,4.870622,666
94,0,2.658934,700
95,1,-0.962221,689
96,0,10.532359,218
97,1,0.174499,585
98,0,7.60941,247
99,0,1.04131,700
100,1,-3.298852,700
101,0,8.694335,330
102,1,2.13034,700
103,0,11.374354,292
104,0,8.721737,279
105,1,4.615042,697
106,1,7.034281,580
107,0,9.127539,357
108,1,4.532482,700
109,1,7.659362,597
110,1,9.997205,389
111,0,8.938239,401
112,0,5.978332,412
113,1,2.290652,534
114,1,9.684096,338
115,1,9.585846,355
116,0,10.633763,265
117,1,-0.43475,700
118,0,7.785912,603
119,0,2.43067,700
120,1,-2.432557,700
121,1,10.927942,248
122,1,9.23326,332
123,1,9.996643,262
124,0,9.736529,349
125,1,5.985637,509
126,0,8.900538,336
127,1,5.66214,404
128,0,8.23262,464
129,1,-2.158383,699
130,1,10.082637,334
131,1,10.243691,179
132,1,10.227745,372
133,0,10.554845,359
134,1,5.320317,390
135,1,11.723338,216
136,1,10.585286,382
137,0,9.673314,450
138,0,1.66424,651
139,0,0.655802,700
140,1,7.122371,355
141,1,9.912782,251
142,0,11.116297,288
143,0,-1.039725,700
144,0,-2.730414,673
145,1,-1.875443,700
146,0,8.310085,376
147,0,-2.298091,700
148,1,-4.294353,663
149,0,8.653317,390
150,0,-1.475531,700
151,0,1.920018,530
152,1,7.056201,318
153,0,7.569073,630
154,1,-0.444568,700
155,0,9.245612,373
156,0,-0.499059,700
157,0,-6.473221,628
158,1,-0.82713,670
159,1,10.914628,266
160,1,9.349801,503
161,1,9.108176,448
162,1,11.913148,241
163,0,10.044544,401
164,0,-1.098684,700
165,1,-2.753367,700
166,1,10.270022,414
167,1,7.915614,570
168,0,11.05633,248
169,0,-4.947809,700
170,0,1.419669,700
171,0,-4.876459,700
172,0,0.394546,443
173,1,-2.120942,687
174,0,10.790055,307
175,1,0.244264,700
176,1,9.398219,276
177,0,10.626309,284
178,0,0.673175,700
179,0,0.628616,700
180,1,3.299067,643
181,0,11.437328,291
182,0,-4.157303,700
183,0,7.759577,194
184,1,-2.868295,700
185,0,10.944988,191
186,1,-1.298818,692
187,1,11.982714,212
188,0,8.633387,371
189,0,3.093666,654
190,0,2.165107,700
191,1,1.117518,700
192,1,10.631579,153
193,1,10.502465,184
194,1,10.931592,223
195,1,11.749081,168
196,0,11.223998,202
197,0,1.440417,691
198,1,-1.122939,620
199,1,7.239905,520
200,0,11.3319,250
201,0,-2.004432,700
202,1,-2.451193,700
203,1,9.164767,600
204,1,10.95906,268
205,0,10.408701,272
206,1,3.132514,700
207,1,11.383747,138
208,1,12.035425,225
209,1,10.634238,254
210,1,9.414569,235
211,0,8.764443,474
212,1,-0.562127,700
213,0,6.932319,555
214,1,-0.925421,700
215,1,11.62639,265
216,0,8.46885,531
217,0,1.082662,682
218,1,-0.841109,700
219,1,8.451545,490
220,0,10.785771,344
221,1,-0.379037,700
222,1,9.02208,500
223,1,10.830871,260
1,1,0,0
2,1,11.175854,250
3,1,12.518656,152
